{"cameraMode":{"drawMode":0,"name":"Shaded","section":"Shading Mode"},"sceneLighting":true,"audioPlay":false,"sceneViewState":{"m_AlwaysRefresh":false,"showFog":true,"showSkybox":true,"showFlares":true,"showImageEffects":true,"showParticleSystems":true,"showVisualEffectGraphs":true,"m_FxEnabled":true},"in2DMode":false,"pivot":{"x":0.06910037994384766,"y":-18.074668884277345,"z":89.21318054199219},"rotation":{"x":0.0004733038949780166,"y":0.9989829063415527,"z":-0.010799040086567402,"w":0.04378419741988182},"size":75.80810546875,"orthographic":false}